{
  "type": "panel",
  "name": "Hover",
  "id": "hover-hover-panel",
  "info": {
    "keywords": ["hover", "logs", "correlation", "troubleshooting", "analysis"],
    "description": "Shows related logs when you hover over data points in other panels. Automatically correlates metrics with logs to help troubleshoot issues.",
    "author": {
      "name": "Ankil Patel",
      "email": "contact@ankilp.github.io",
      "url": "https://ankilp.github.io"
    },
    "logos": {
      "small": "img/logo.svg",
      "large": "img/logo.svg"
    },
    "links": [
      {
        "name": "GitHub",
        "url": "https://github.com/ankilp/grafana-hover-tracker-panel"
      },
      {
        "name": "Documentation",
        "url": "https://github.com/ankilp/grafana-hover-tracker-panel#readme"
      },
      {
        "name": "Website",
        "url": "https://ankilp.github.io"
      }
    ],
    "screenshots": [
      {
        "name": "Main view showing logs on hover",
        "path": "img/screenshot-main.png"
      },
      {
        "name": "Panel configuration",
        "path": "img/screenshot-config.png"
      }
    ],
    "version": "1.0.0",
    "updated": "2025-10-18"
  },
  "dependencies": {
    "grafanaDependency": ">=9.0.0",
    "plugins": []
  }
}
